func_name,count,file_name,sheet_name
StartLayoutAssembler,10,canon_1222_d4t1t5_S22Y_GMB_GV1_2x,all_marks
xy_canon,10,canon_1222_d4t1t5_S22Y_GMB_GV1_2x,all_marks
shape_size,5,canon_1222_d4t1t5_S22Y_GMB_GV1_2x,all_marks
zonal_background,3,canon_1222_d4t1t5_S22Y_GMB_GV1_2x,all_marks
chopped_tvpa_canon,3,canon_1222_d4t1t5_S22Y_GMB_GV1_2x,all_marks
create_instance,3,canon_1222_d4t1t5_S22Y_GMB_GV1_2x,all_marks
create_rectangle,2,canon_1222_d4t1t5_S22Y_GMB_GV1_2x,all_marks
tvpa_canon,2,canon_1222_d4t1t5_S22Y_GMB_GV1_2x,all_marks
bool_and_not,2,canon_1222_d4t1t5_S22Y_GMB_GV1_2x,all_marks
StartLayoutAssembler,1,canon_1222_d4t1t5_S22Y_GMB_GV1_2x,canon
StartLayoutAssembler,2,canon_1222_d4t1t5_S22Y_GMB_GV1_2x,diag_dummy
diagonal_gratings,2,canon_1222_d4t1t5_S22Y_GMB_GV1_2x,diag_dummy
create_instance,5,canon_1222_d4t1t5_S22Y_GMB_GV1_2x,dummy_and_beard
StartLayoutAssembler,1,canon_1222_d4t1t5_S22Y_GMB_GV1_2x,dummy_and_beard
StartLayoutAssembler,1,canon_1222_d4t1t5_S22Y_GMB_GV1_2x,fdr_dummy
custom_filler_flow,1,canon_1222_d4t1t5_S22Y_GMB_GV1_2x,fdr_dummy
StartLayoutAssembler,1,canon_1222_d4t1t5_S22Y_GMB_GV1_2x,hatch
chopped_tvpa_canon,1,canon_1222_d4t1t5_S22Y_GMB_GV1_2x,hatch
create_instance,20,canon_1222_d4t1t5_S22Y_GMB_GV1_2x,parents
StartLayoutAssembler,10,canon_1222_d4t1t5_S22Y_GMB_GV1_2x,parents
StartLayoutAssembler,1,canon_1222_d4t1t5_S22Y_GMB_GV1_2x,pound
xy_canon,1,canon_1222_d4t1t5_S22Y_GMB_GV1_2x,pound
AddToCluster,10,canon_1222_d4t1t5_S22Y_GMB_GV1_2x,review_parent
StartLayoutAssembler,1,canon_1222_d4t1t5_S22Y_GMB_GV1_2x,review_parent
CreateCluster,1,canon_1222_d4t1t5_S22Y_GMB_GV1_2x,review_parent
PlaceCluster,1,canon_1222_d4t1t5_S22Y_GMB_GV1_2x,review_parent
tvpa_canon,2,canon_1222_d4t1t5_S22Y_GMB_GV1_2x,swirl_cross
zonal_background,1,canon_1222_d4t1t5_S22Y_GMB_GV1_2x,swirl_cross
StartLayoutAssembler,1,canon_1222_d4t1t5_S22Y_GMB_GV1_2x,swirl_cross
create_rectangle,1,canon_1222_d4t1t5_S22Y_GMB_GV1_2x,swirl_cross
shape_size,1,canon_1222_d4t1t5_S22Y_GMB_GV1_2x,swirl_cross
bool_and_not,1,canon_1222_d4t1t5_S22Y_GMB_GV1_2x,swirl_cross
chopped_tvpa_canon,2,canon_1222_d4t1t5_S22Y_GMB_GV1_2x,swirl_hatch
zonal_background,1,canon_1222_d4t1t5_S22Y_GMB_GV1_2x,swirl_hatch
StartLayoutAssembler,1,canon_1222_d4t1t5_S22Y_GMB_GV1_2x,swirl_hatch
create_rectangle,1,canon_1222_d4t1t5_S22Y_GMB_GV1_2x,swirl_hatch
shape_size,1,canon_1222_d4t1t5_S22Y_GMB_GV1_2x,swirl_hatch
bool_and_not,1,canon_1222_d4t1t5_S22Y_GMB_GV1_2x,swirl_hatch
xy_canon,6,canon_1222_d4t1t5_S22Y_GMB_GV1_2x,swirl_xy4
StartLayoutAssembler,3,canon_1222_d4t1t5_S22Y_GMB_GV1_2x,swirl_xy4
shape_size,3,canon_1222_d4t1t5_S22Y_GMB_GV1_2x,swirl_xy4
create_instance,3,canon_1222_d4t1t5_S22Y_GMB_GV1_2x,swirl_xy4
StartLayoutAssembler,3,canon_1222_d4t1t5_S22Y_GMB_GV1_2x,xy4
xy_canon,3,canon_1222_d4t1t5_S22Y_GMB_GV1_2x,xy4
zonal_background,1,canon_1222_d4t1t5_S22Y_GMB_GV1_2x,zonal_bkg
StartLayoutAssembler,10,canon_1222_d4t6t7_ALM_ALP_2x_v2,all_marks
xy_canon,10,canon_1222_d4t6t7_ALM_ALP_2x_v2,all_marks
create_instance,5,canon_1222_d4t6t7_ALM_ALP_2x_v2,all_marks
shape_size,5,canon_1222_d4t6t7_ALM_ALP_2x_v2,all_marks
tvpa_canon,3,canon_1222_d4t6t7_ALM_ALP_2x_v2,all_marks
zonal_background,3,canon_1222_d4t6t7_ALM_ALP_2x_v2,all_marks
chopped_tvpa_canon,2,canon_1222_d4t6t7_ALM_ALP_2x_v2,all_marks
create_rectangle,2,canon_1222_d4t6t7_ALM_ALP_2x_v2,all_marks
StartLayoutAssembler,1,canon_1222_d4t6t7_ALM_ALP_2x_v2,canon
StartLayoutAssembler,4,canon_1222_d4t6t7_ALM_ALP_2x_v2,diag_dummy
diagonal_gratings,4,canon_1222_d4t6t7_ALM_ALP_2x_v2,diag_dummy
create_instance,5,canon_1222_d4t6t7_ALM_ALP_2x_v2,dummy_and_beard
StartLayoutAssembler,1,canon_1222_d4t6t7_ALM_ALP_2x_v2,dummy_and_beard
create_id,1,canon_1222_d4t6t7_ALM_ALP_2x_v2,dummy_and_beard
StartLayoutAssembler,1,canon_1222_d4t6t7_ALM_ALP_2x_v2,fdr_dummy
custom_filler_flow,1,canon_1222_d4t6t7_ALM_ALP_2x_v2,fdr_dummy
StartLayoutAssembler,1,canon_1222_d4t6t7_ALM_ALP_2x_v2,hatch
chopped_tvpa_canon,1,canon_1222_d4t6t7_ALM_ALP_2x_v2,hatch
create_instance,20,canon_1222_d4t6t7_ALM_ALP_2x_v2,parents
StartLayoutAssembler,10,canon_1222_d4t6t7_ALM_ALP_2x_v2,parents
StartLayoutAssembler,1,canon_1222_d4t6t7_ALM_ALP_2x_v2,pound
xy_canon,1,canon_1222_d4t6t7_ALM_ALP_2x_v2,pound
AddToCluster,10,canon_1222_d4t6t7_ALM_ALP_2x_v2,review_parent
StartLayoutAssembler,1,canon_1222_d4t6t7_ALM_ALP_2x_v2,review_parent
CreateCluster,1,canon_1222_d4t6t7_ALM_ALP_2x_v2,review_parent
PlaceCluster,1,canon_1222_d4t6t7_ALM_ALP_2x_v2,review_parent
tvpa_canon,2,canon_1222_d4t6t7_ALM_ALP_2x_v2,swirl_cross
zonal_background,1,canon_1222_d4t6t7_ALM_ALP_2x_v2,swirl_cross
StartLayoutAssembler,1,canon_1222_d4t6t7_ALM_ALP_2x_v2,swirl_cross
create_rectangle,1,canon_1222_d4t6t7_ALM_ALP_2x_v2,swirl_cross
shape_size,1,canon_1222_d4t6t7_ALM_ALP_2x_v2,swirl_cross
create_instance,1,canon_1222_d4t6t7_ALM_ALP_2x_v2,swirl_cross
zonal_background,1,canon_1222_d4t6t7_ALM_ALP_2x_v2,swirl_hatch
StartLayoutAssembler,1,canon_1222_d4t6t7_ALM_ALP_2x_v2,swirl_hatch
create_rectangle,1,canon_1222_d4t6t7_ALM_ALP_2x_v2,swirl_hatch
tvpa_canon,1,canon_1222_d4t6t7_ALM_ALP_2x_v2,swirl_hatch
chopped_tvpa_canon,1,canon_1222_d4t6t7_ALM_ALP_2x_v2,swirl_hatch
shape_size,1,canon_1222_d4t6t7_ALM_ALP_2x_v2,swirl_hatch
create_instance,1,canon_1222_d4t6t7_ALM_ALP_2x_v2,swirl_hatch
xy_canon,6,canon_1222_d4t6t7_ALM_ALP_2x_v2,swirl_xy4
StartLayoutAssembler,3,canon_1222_d4t6t7_ALM_ALP_2x_v2,swirl_xy4
shape_size,3,canon_1222_d4t6t7_ALM_ALP_2x_v2,swirl_xy4
create_instance,3,canon_1222_d4t6t7_ALM_ALP_2x_v2,swirl_xy4
StartLayoutAssembler,3,canon_1222_d4t6t7_ALM_ALP_2x_v2,xy4
xy_canon,3,canon_1222_d4t6t7_ALM_ALP_2x_v2,xy4
zonal_background,1,canon_1222_d4t6t7_ALM_ALP_2x_v2,zonal_bkg
StartLayoutAssembler,10,canon_1222_d4t8_ALM_ALP_2x,all_marks
xy_canon,10,canon_1222_d4t8_ALM_ALP_2x,all_marks
create_instance,5,canon_1222_d4t8_ALM_ALP_2x,all_marks
shape_size,5,canon_1222_d4t8_ALM_ALP_2x,all_marks
tvpa_canon,3,canon_1222_d4t8_ALM_ALP_2x,all_marks
zonal_background,3,canon_1222_d4t8_ALM_ALP_2x,all_marks
chopped_tvpa_canon,2,canon_1222_d4t8_ALM_ALP_2x,all_marks
create_rectangle,2,canon_1222_d4t8_ALM_ALP_2x,all_marks
StartLayoutAssembler,1,canon_1222_d4t8_ALM_ALP_2x,canon
StartLayoutAssembler,4,canon_1222_d4t8_ALM_ALP_2x,diag_dummy
diagonal_gratings,4,canon_1222_d4t8_ALM_ALP_2x,diag_dummy
create_instance,5,canon_1222_d4t8_ALM_ALP_2x,dummy_and_beard
StartLayoutAssembler,1,canon_1222_d4t8_ALM_ALP_2x,dummy_and_beard
create_id,1,canon_1222_d4t8_ALM_ALP_2x,dummy_and_beard
StartLayoutAssembler,1,canon_1222_d4t8_ALM_ALP_2x,fdr_dummy
custom_filler_flow,1,canon_1222_d4t8_ALM_ALP_2x,fdr_dummy
StartLayoutAssembler,1,canon_1222_d4t8_ALM_ALP_2x,hatch
chopped_tvpa_canon,1,canon_1222_d4t8_ALM_ALP_2x,hatch
create_instance,20,canon_1222_d4t8_ALM_ALP_2x,parents
StartLayoutAssembler,10,canon_1222_d4t8_ALM_ALP_2x,parents
StartLayoutAssembler,1,canon_1222_d4t8_ALM_ALP_2x,pound
xy_canon,1,canon_1222_d4t8_ALM_ALP_2x,pound
AddToCluster,10,canon_1222_d4t8_ALM_ALP_2x,review_parent
StartLayoutAssembler,1,canon_1222_d4t8_ALM_ALP_2x,review_parent
CreateCluster,1,canon_1222_d4t8_ALM_ALP_2x,review_parent
PlaceCluster,1,canon_1222_d4t8_ALM_ALP_2x,review_parent
tvpa_canon,2,canon_1222_d4t8_ALM_ALP_2x,swirl_cross
zonal_background,1,canon_1222_d4t8_ALM_ALP_2x,swirl_cross
StartLayoutAssembler,1,canon_1222_d4t8_ALM_ALP_2x,swirl_cross
create_rectangle,1,canon_1222_d4t8_ALM_ALP_2x,swirl_cross
shape_size,1,canon_1222_d4t8_ALM_ALP_2x,swirl_cross
create_instance,1,canon_1222_d4t8_ALM_ALP_2x,swirl_cross
zonal_background,1,canon_1222_d4t8_ALM_ALP_2x,swirl_hatch
StartLayoutAssembler,1,canon_1222_d4t8_ALM_ALP_2x,swirl_hatch
create_rectangle,1,canon_1222_d4t8_ALM_ALP_2x,swirl_hatch
tvpa_canon,1,canon_1222_d4t8_ALM_ALP_2x,swirl_hatch
chopped_tvpa_canon,1,canon_1222_d4t8_ALM_ALP_2x,swirl_hatch
shape_size,1,canon_1222_d4t8_ALM_ALP_2x,swirl_hatch
create_instance,1,canon_1222_d4t8_ALM_ALP_2x,swirl_hatch
xy_canon,6,canon_1222_d4t8_ALM_ALP_2x,swirl_xy4
StartLayoutAssembler,3,canon_1222_d4t8_ALM_ALP_2x,swirl_xy4
shape_size,3,canon_1222_d4t8_ALM_ALP_2x,swirl_xy4
create_instance,3,canon_1222_d4t8_ALM_ALP_2x,swirl_xy4
StartLayoutAssembler,3,canon_1222_d4t8_ALM_ALP_2x,xy4
xy_canon,3,canon_1222_d4t8_ALM_ALP_2x,xy4
zonal_background,1,canon_1222_d4t8_ALM_ALP_2x,zonal_bkg
